world_seed,condition,budget,policy,status,fit_status,parameter_error,heldout_prediction_error,raw_heldout_rmse_m,zeta,omega0,zeta_error,omega0_error,interventions,opportunities,invalid
7122123,clean,1,random,completed,success,1.6747124390100859e-9,1.0152273666623908e-9,2.030454735386155e-9,0.07640347712025852,1.9234994360190896,1.9077513378564143e-9,1.4034986136242842e-9,1,1,0
7122123,clean,1,fixed_design,completed,success,1.6747124164259374e-9,1.0152270116147653e-9,2.0304540252909023e-9,0.07640347712025852,1.9234994360190896,1.9077512982055923e-9,1.4034986136242842e-9,1,1,0
7122123,clean,2,random,completed,success,1.6747124390100859e-9,1.0152273666623908e-9,2.030454735386155e-9,0.07640347712025852,1.9234994360190896,1.9077513378564143e-9,1.4034986136242842e-9,2,2,0
7122123,clean,2,fixed_design,completed,success,1.6747124390100859e-9,1.0152273666623908e-9,2.030454735386155e-9,0.07640347712025852,1.9234994360190896,1.9077513378564143e-9,1.4034986136242842e-9,2,2,0
7122123,clean,4,random,completed,success,1.6747124390100859e-9,1.0152273666623908e-9,2.030454735386155e-9,0.07640347712025852,1.9234994360190896,1.9077513378564143e-9,1.4034986136242842e-9,4,4,0
7122123,clean,4,fixed_design,completed,success,1.6747124390100859e-9,1.0152273666623908e-9,2.030454735386155e-9,0.07640347712025852,1.9234994360190896,1.9077513378564143e-9,1.4034986136242842e-9,4,4,0
7122123,clean,8,random,completed,success,1.6747124390100859e-9,1.0152273666623908e-9,2.030454735386155e-9,0.07640347712025852,1.9234994360190896,1.9077513378564143e-9,1.4034986136242842e-9,8,8,0
7122123,clean,8,fixed_design,completed,success,1.6747124390100859e-9,1.0152273666623908e-9,2.030454735386155e-9,0.07640347712025852,1.9234994360190896,1.9077513378564143e-9,1.4034986136242842e-9,8,8,0
7122123,gaussian_0.10,1,random,completed,success,0.005589063437622966,0.002460211327409281,0.004932557789365059,0.07640347712025852,1.9234994360190896,0.007923937048633525,0.0006250895361596214,1,1,0
7122123,gaussian_0.10,1,fixed_design,completed,success,0.0021614147060368405,0.001357529241066296,0.0027187492637572703,0.07640347712025852,1.9234994360190896,0.0023277250702661923,0.0019913925854445997,1,1,0
7122123,gaussian_0.10,2,random,completed,success,0.0030465117654173185,0.0016321299003668882,0.0032695962064644736,0.07640347712025852,1.9234994360190896,0.003651612350321671,0.0023112368172611975,2,2,0
7122123,gaussian_0.10,2,fixed_design,completed,success,4.43206911065603e-5,2.0725939926350953e-5,4.145273899968019e-5,0.07640347712025852,1.9234994360190896,6.192261872373095e-5,9.72547554637752e-6,2,2,0
7122123,gaussian_0.10,4,random,completed,success,0.0024467859775871344,0.001550325673692135,0.0031054658307905184,0.07640347712025852,1.9234994360190896,0.002594660214418184,0.0023021882332013854,4,4,0
7122123,gaussian_0.10,4,fixed_design,completed,success,0.0011747419611083305,0.0008470235952553175,0.0016954833048752256,0.07640347712025852,1.9234994360190896,0.0008606721329067796,0.001423297909092791,4,4,0
7122123,gaussian_0.10,8,random,completed,success,0.0009522880156843691,0.0004459916325404359,0.0008923812596557142,0.07640347712025852,1.9234994360190896,0.0012879220421594235,0.00039802138441291657,8,8,0
7122123,gaussian_0.10,8,fixed_design,completed,success,0.00113044091268432,0.0008415758121990911,0.0016845693171895016,0.07640347712025852,1.9234994360190896,0.0006640704695897884,0.0014562252178566364,8,8,0
7122124,clean,1,random,completed,success,3.055452577336409e-9,1.0053661502434784e-9,2.010732302508479e-9,0.12817231863650322,1.312459227885956,4.259954135475498e-9,7.24135196250586e-10,1,1,0
7122124,clean,1,fixed_design,completed,success,3.051995646645655e-9,9.582291622808772e-10,1.9164583263981607e-9,0.12817231863650322,1.312459227885956,4.254995086431076e-9,7.24135196250586e-10,1,1,0
7122124,clean,2,random,completed,success,3.051995646645655e-9,9.582291622808772e-10,1.9164583263981607e-9,0.12817231863650322,1.312459227885956,4.254995086431076e-9,7.24135196250586e-10,2,2,0
7122124,clean,2,fixed_design,completed,success,3.051995646645655e-9,9.582291622808772e-10,1.9164583263981607e-9,0.12817231863650322,1.312459227885956,4.254995086431076e-9,7.24135196250586e-10,2,2,0
7122124,clean,4,random,completed,success,3.051995646645655e-9,9.582291622808772e-10,1.9164583263981607e-9,0.12817231863650322,1.312459227885956,4.254995086431076e-9,7.24135196250586e-10,4,4,0
7122124,clean,4,fixed_design,completed,success,3.051995646645655e-9,9.582291622808772e-10,1.9164583263981607e-9,0.12817231863650322,1.312459227885956,4.254995086431076e-9,7.24135196250586e-10,4,4,0
7122124,clean,8,random,completed,success,3.051995646645655e-9,9.582291622808772e-10,1.9164583263981607e-9,0.12817231863650322,1.312459227885956,4.254995086431076e-9,7.24135196250586e-10,8,8,0
7122124,clean,8,fixed_design,completed,success,3.051995646645655e-9,9.582291622808772e-10,1.9164583263981607e-9,0.12817231863650322,1.312459227885956,4.254995086431076e-9,7.24135196250586e-10,8,8,0
7122124,gaussian_0.10,1,random,completed,success,0.013764073183771295,0.004443818518939042,0.008927308376164364,0.12817231863650322,1.312459227885956,0.019643285442325034,0.001921074006874246,1,1,0
7122124,gaussian_0.10,1,fixed_design,completed,success,0.0032964936388761223,0.0012585943891042265,0.0025203608902834816,0.12817231863650322,1.312459227885956,0.00434261134940558,0.001737661999951512,1,1,0
7122124,gaussian_0.10,2,random,completed,success,0.007314749363085727,0.0030248665242254406,0.006068088205329229,0.12817231863650322,1.312459227885956,0.00933626294384014,0.004629057773157438,2,2,0
7122124,gaussian_0.10,2,fixed_design,completed,success,0.0022948924088942225,0.0016488385137093619,0.00330312334440451,0.12817231863650322,1.312459227885956,0.0012620985483169365,0.0029981129080671374,2,2,0
7122124,gaussian_0.10,4,random,completed,success,0.0005641867294620234,0.00026864250716552055,0.0005374293907099859,0.12817231863650322,1.312459227885956,0.0006638297037669937,0.0004434663479430112,4,4,0
7122124,gaussian_0.10,4,fixed_design,completed,success,0.0005984289126336072,0.0004543266462486495,0.0009090663055431142,0.12817231863650322,1.312459227885956,8.903656439098105e-5,0.0008421192420993151,4,4,0
7122124,gaussian_0.10,8,random,completed,success,0.0029663531780278326,0.0010992300161718014,0.0022008793049375615,0.12817231863650322,1.312459227885956,0.003949152574294147,0.0014517470339129683,8,8,0
7122124,gaussian_0.10,8,fixed_design,completed,success,0.0006293463364921611,0.0004752800650600415,0.0009510121272257837,0.12817231863650322,1.312459227885956,9.108867212012253e-5,0.000885920141059926,8,8,0
7122125,clean,1,random,completed,success,1.7605420761695036e-9,8.614900507162345e-10,1.7229801029167991e-9,0.07500864479090932,1.3475473237820892,2.4651867055628223e-9,3.4910074830918347e-10,1,1,0
7122125,clean,1,fixed_design,completed,success,1.7605420761695036e-9,8.614900507162345e-10,1.7229801029167991e-9,0.07500864479090932,1.3475473237820892,2.4651867055628223e-9,3.4910074830918347e-10,1,1,0
7122125,clean,2,random,completed,success,1.7605420761695036e-9,8.614900507162345e-10,1.7229801029167991e-9,0.07500864479090932,1.3475473237820892,2.4651867055628223e-9,3.4910074830918347e-10,2,2,0
7122125,clean,2,fixed_design,completed,success,1.7605420761695036e-9,8.614900507162345e-10,1.7229801029167991e-9,0.07500864479090932,1.3475473237820892,2.4651867055628223e-9,3.4910074830918347e-10,2,2,0
7122125,clean,4,random,completed,success,1.7605420761695036e-9,8.614900507162345e-10,1.7229801029167991e-9,0.07500864479090932,1.3475473237820892,2.4651867055628223e-9,3.4910074830918347e-10,4,4,0
7122125,clean,4,fixed_design,completed,success,1.7605420761695036e-9,8.614900507162345e-10,1.7229801029167991e-9,0.07500864479090932,1.3475473237820892,2.4651867055628223e-9,3.4910074830918347e-10,4,4,0
7122125,clean,8,random,completed,success,1.7605420761695036e-9,8.614900507162345e-10,1.7229801029167991e-9,0.07500864479090932,1.3475473237820892,2.4651867055628223e-9,3.4910074830918347e-10,8,8,0
7122125,clean,8,fixed_design,completed,success,1.7605420761695036e-9,8.614900507162345e-10,1.7229801029167991e-9,0.07500864479090932,1.3475473237820892,2.4651867055628223e-9,3.4910074830918347e-10,8,8,0
7122125,gaussian_0.10,1,random,completed,success,0.0023005447520958746,0.0014481905466608635,0.002900581688302545,0.07500864479090932,1.3475473237820892,0.002990146104887411,0.0013011186548524587,1,1,0
7122125,gaussian_0.10,1,fixed_design,completed,success,0.0011807107185875174,0.000952821001431508,0.0019074594703057028,0.07500864479090932,1.3475473237820892,0.0012634080606936063,0.001094783706336496,1,1,0
7122125,gaussian_0.10,2,random,completed,success,0.0037690824839794706,0.0017730189038136796,0.003552336166803803,0.07500864479090932,1.3475473237820892,0.005309379862996463,0.0006616963573985446,2,2,0
7122125,gaussian_0.10,2,fixed_design,completed,success,0.0014516001071849711,0.0007792840027900937,0.0015597835199250808,0.07500864479090932,1.3475473237820892,0.001990814630583315,0.0005130345565812489,2,2,0
7122125,gaussian_0.10,4,random,completed,success,0.002576370200401537,0.001204285785573526,0.002411475677027152,0.07500864479090932,1.3475473237820892,0.003632479816784122,0.00038616962944918826,4,4,0
7122125,gaussian_0.10,4,fixed_design,completed,success,0.0007898377943215741,0.0007636952827633318,0.0015285579179980693,0.07500864479090932,1.3475473237820892,0.0006258292750564125,0.0009262820737584073,4,4,0
7122125,gaussian_0.10,8,random,completed,success,0.00023386426217176484,0.00011988249559700139,0.00023979373826577463,0.07500864479090932,1.3475473237820892,0.00032150991910518637,7.789440667131202e-5,8,8,0
7122125,gaussian_0.10,8,fixed_design,completed,success,0.0008428222136174009,0.000791850125799428,0.0015849552986514797,0.07500864479090932,1.3475473237820892,0.0007172031954970942,0.0009532659479433159,8,8,0
