slot_id,protocol_id,condition_id,world_seed,policy,repetition_id,original_run_id,retry1_run_id,selected_run_id,selected_attempt,resolution,terminal_infrastructure,parameter_error,prediction_error,parameter_success,interventions_used,decision_opportunities_used,invalid_action_count,terminal_failure_code
8123001/gaussian_0.10/random,falsify-v0.1-prereg-4,gaussian_0.10,8123001,random,random,7bd64ba4-0e0a-455e-88d9-cd981532a813,,7bd64ba4-0e0a-455e-88d9-cd981532a813,original,completed,false,0.0014760445383933964,0.00048238237272700394,true,8,8,0,
8123001/gaussian_0.10/fixed,falsify-v0.1-prereg-4,gaussian_0.10,8123001,fixed_design,fixed,3ea9e731-b4a2-44e7-8e08-2a7d0edef01b,,3ea9e731-b4a2-44e7-8e08-2a7d0edef01b,original,completed,false,0.002450839738782348,0.0006289668660922572,true,8,8,0,
8123001/gaussian_0.10/scientist-1,falsify-v0.1-prereg-4,gaussian_0.10,8123001,scientist,scientist-1,f9b28358-0abc-46a0-8b20-063577a6c372,,f9b28358-0abc-46a0-8b20-063577a6c372,original,completed,false,0.0020900668630966035,0.0005912322002476514,true,8,8,0,
8123002/gaussian_0.10/random,falsify-v0.1-prereg-4,gaussian_0.10,8123002,random,random,4bfcfb1c-3095-4146-aba9-539c996fb352,,4bfcfb1c-3095-4146-aba9-539c996fb352,original,completed,false,0.006499251237415013,0.0007328350925768807,true,8,8,0,
8123002/gaussian_0.10/fixed,falsify-v0.1-prereg-4,gaussian_0.10,8123002,fixed_design,fixed,00b43d9c-b7d4-42ad-9780-f40e88e98eb3,,00b43d9c-b7d4-42ad-9780-f40e88e98eb3,original,completed,false,0.002598423344476867,0.0007936796929079242,true,8,8,0,
8123002/gaussian_0.10/scientist-1,falsify-v0.1-prereg-4,gaussian_0.10,8123002,scientist,scientist-1,8694b0b1-0dfa-45e8-9b10-141dc330ebe3,,8694b0b1-0dfa-45e8-9b10-141dc330ebe3,original,behavioral_failure,false,1,1,false,2,3,0,malformed_response
8123003/gaussian_0.10/random,falsify-v0.1-prereg-4,gaussian_0.10,8123003,random,random,b3468ae5-a8e1-4d74-8481-e2a54157fa22,,b3468ae5-a8e1-4d74-8481-e2a54157fa22,original,completed,false,0.010563920321566245,0.0010270444447777127,true,8,8,0,
8123003/gaussian_0.10/fixed,falsify-v0.1-prereg-4,gaussian_0.10,8123003,fixed_design,fixed,a94f94a0-3709-4f53-94f4-e6748fc1fac6,,a94f94a0-3709-4f53-94f4-e6748fc1fac6,original,completed,false,0.011026712316205058,0.0007157990737849719,true,8,8,0,
8123003/gaussian_0.10/scientist-1,falsify-v0.1-prereg-4,gaussian_0.10,8123003,scientist,scientist-1,a764993c-4e0b-469a-b335-c67d54493203,d92e4b71-b482-408b-8edc-3976571e65f8,d92e4b71-b482-408b-8edc-3976571e65f8,retry1,terminal_infrastructure,true,,,,,,,malformed_api_response
8123004/gaussian_0.10/random,falsify-v0.1-prereg-4,gaussian_0.10,8123004,random,random,5b82a82e-2ab0-428a-ab66-762f6ac07513,,5b82a82e-2ab0-428a-ab66-762f6ac07513,original,completed,false,0.009930760031124105,0.0023727157909991664,true,8,8,0,
8123004/gaussian_0.10/fixed,falsify-v0.1-prereg-4,gaussian_0.10,8123004,fixed_design,fixed,817c457a-8849-4152-af95-ff0ee72c570d,,817c457a-8849-4152-af95-ff0ee72c570d,original,completed,false,0.00896022733282273,0.0014700879124508871,true,8,8,0,
8123004/gaussian_0.10/scientist-1,falsify-v0.1-prereg-4,gaussian_0.10,8123004,scientist,scientist-1,272976e9-fa31-403d-a49a-3c83c9f8a05b,,272976e9-fa31-403d-a49a-3c83c9f8a05b,original,completed,false,0.0003167936819810681,0.00017584649845147824,true,8,8,0,
8123005/gaussian_0.10/random,falsify-v0.1-prereg-4,gaussian_0.10,8123005,random,random,fe5d7991-ebb0-47ae-9cb7-3456e29bd52e,,fe5d7991-ebb0-47ae-9cb7-3456e29bd52e,original,completed,false,0.0021613160825348517,0.0005144075400841437,true,8,8,0,
8123005/gaussian_0.10/fixed,falsify-v0.1-prereg-4,gaussian_0.10,8123005,fixed_design,fixed,a239c3bd-d348-4f28-9c78-c4675712394b,,a239c3bd-d348-4f28-9c78-c4675712394b,original,completed,false,0.0026591787124988593,0.0008227176195087528,true,8,8,0,
8123005/gaussian_0.10/scientist-1,falsify-v0.1-prereg-4,gaussian_0.10,8123005,scientist,scientist-1,4c475477-f492-4d5a-94d4-6e54daf368ba,5654c913-3912-4aed-8b13-eb6e8eca1a9a,5654c913-3912-4aed-8b13-eb6e8eca1a9a,retry1,completed,false,0.0013627005092762174,0.00038273431590923695,true,8,8,0,
8123006/gaussian_0.10/random,falsify-v0.1-prereg-4,gaussian_0.10,8123006,random,random,03fae536-cb63-4c02-8657-788ae4df50ec,,03fae536-cb63-4c02-8657-788ae4df50ec,original,completed,false,0.01013756048378272,0.0015961543636956734,true,8,8,0,
8123006/gaussian_0.10/fixed,falsify-v0.1-prereg-4,gaussian_0.10,8123006,fixed_design,fixed,33cc7c99-ae65-4a7b-b934-6fb6d0627dc6,,33cc7c99-ae65-4a7b-b934-6fb6d0627dc6,original,completed,false,0.003761862841310883,0.0003731076292415258,true,8,8,0,
8123006/gaussian_0.10/scientist-1,falsify-v0.1-prereg-4,gaussian_0.10,8123006,scientist,scientist-1,bc01c57a-b9a9-46f5-a6e6-518502ad5326,9e58b670-acca-42d8-918d-9700a6e65778,9e58b670-acca-42d8-918d-9700a6e65778,retry1,completed,false,0.016962468789443408,0.0015746281043617708,true,8,8,0,
8123007/gaussian_0.10/random,falsify-v0.1-prereg-4,gaussian_0.10,8123007,random,random,6567595b-aa74-438b-802e-e5c0f6499688,,6567595b-aa74-438b-802e-e5c0f6499688,original,completed,false,0.005510065767980273,0.0013301529142657879,true,8,8,0,
8123007/gaussian_0.10/fixed,falsify-v0.1-prereg-4,gaussian_0.10,8123007,fixed_design,fixed,204564b0-8086-4e79-afe8-6f4a1357835f,,204564b0-8086-4e79-afe8-6f4a1357835f,original,completed,false,0.001936351013872563,0.0006112460761682085,true,8,8,0,
8123007/gaussian_0.10/scientist-1,falsify-v0.1-prereg-4,gaussian_0.10,8123007,scientist,scientist-1,0076d929-e5fb-44ed-87da-b551db8a29c8,9a3b4bc4-ef23-4c2f-a58e-2450de8ca31b,9a3b4bc4-ef23-4c2f-a58e-2450de8ca31b,retry1,completed,false,0.0015721159516907284,0.0006252443833720795,true,8,8,0,
8123008/gaussian_0.10/random,falsify-v0.1-prereg-4,gaussian_0.10,8123008,random,random,c7591d4f-30ef-4b3e-a2ec-b4ccd1118331,,c7591d4f-30ef-4b3e-a2ec-b4ccd1118331,original,completed,false,0.0003886251593334466,0.0003136653063909737,true,8,8,0,
8123008/gaussian_0.10/fixed,falsify-v0.1-prereg-4,gaussian_0.10,8123008,fixed_design,fixed,e3e470e5-99e2-4292-ae2f-b27bf9df299d,,e3e470e5-99e2-4292-ae2f-b27bf9df299d,original,completed,false,0.0027721546597988794,0.000638798938426783,true,8,8,0,
8123008/gaussian_0.10/scientist-1,falsify-v0.1-prereg-4,gaussian_0.10,8123008,scientist,scientist-1,9a6d434f-5a67-42d1-b760-ff4b69974852,b84e3f50-2852-4f2f-af54-87658632e32b,b84e3f50-2852-4f2f-af54-87658632e32b,retry1,completed,false,0.00039169187216269417,0.0003251127442353232,true,8,8,0,
8123009/gaussian_0.10/random,falsify-v0.1-prereg-4,gaussian_0.10,8123009,random,random,ea2ca120-cce8-4145-a83d-fd965cd97d96,,ea2ca120-cce8-4145-a83d-fd965cd97d96,original,completed,false,0.008213138142269944,0.0010773928637884684,true,8,8,0,
8123009/gaussian_0.10/fixed,falsify-v0.1-prereg-4,gaussian_0.10,8123009,fixed_design,fixed,1a250a5f-9e40-4e1d-802f-4543ab92f98a,,1a250a5f-9e40-4e1d-802f-4543ab92f98a,original,completed,false,0.004237929849829214,0.0007827950194006679,true,8,8,0,
8123009/gaussian_0.10/scientist-1,falsify-v0.1-prereg-4,gaussian_0.10,8123009,scientist,scientist-1,5973cbe1-e5b3-48a9-927b-e78b8988aa8d,,5973cbe1-e5b3-48a9-927b-e78b8988aa8d,original,completed,false,0.003986225274770851,0.0006753352384866974,true,8,8,0,
8123010/gaussian_0.10/random,falsify-v0.1-prereg-4,gaussian_0.10,8123010,random,random,978209cb-8f86-4add-87f8-21fe88cf6333,,978209cb-8f86-4add-87f8-21fe88cf6333,original,completed,false,0.00435430602531078,0.0002928310087408607,true,8,8,0,
8123010/gaussian_0.10/fixed,falsify-v0.1-prereg-4,gaussian_0.10,8123010,fixed_design,fixed,09c5d805-8983-4c3d-bb23-80b7e8754600,,09c5d805-8983-4c3d-bb23-80b7e8754600,original,completed,false,0.021264647284139307,0.0014549176251753458,true,8,8,0,
8123010/gaussian_0.10/scientist-1,falsify-v0.1-prereg-4,gaussian_0.10,8123010,scientist,scientist-1,858072ea-db0d-4afe-89ca-95990ada22b4,,858072ea-db0d-4afe-89ca-95990ada22b4,original,completed,false,0.00473792938346769,0.00041159188031434133,true,8,8,0,
8123011/gaussian_0.10/random,falsify-v0.1-prereg-4,gaussian_0.10,8123011,random,random,d80cb333-5215-4973-99fb-48dd1e292749,,d80cb333-5215-4973-99fb-48dd1e292749,original,completed,false,0.0009371610031640538,0.0003676293295824675,true,8,8,0,
8123011/gaussian_0.10/fixed,falsify-v0.1-prereg-4,gaussian_0.10,8123011,fixed_design,fixed,7a369c25-d083-47f0-a943-1740aa9a1811,,7a369c25-d083-47f0-a943-1740aa9a1811,original,completed,false,0.001407685155940278,0.0005126204872581381,true,8,8,0,
8123011/gaussian_0.10/scientist-1,falsify-v0.1-prereg-4,gaussian_0.10,8123011,scientist,scientist-1,edc72839-24fb-46c2-826c-7414e8889646,fe0f8e8a-71fe-4ec5-ba0e-d4910973150b,fe0f8e8a-71fe-4ec5-ba0e-d4910973150b,retry1,completed,false,0.008625607755537126,0.0011889687491450586,true,8,8,0,
8123012/gaussian_0.10/random,falsify-v0.1-prereg-4,gaussian_0.10,8123012,random,random,8d5660a2-ee75-4f26-b1c3-a4521bc7c403,,8d5660a2-ee75-4f26-b1c3-a4521bc7c403,original,completed,false,0.018660707029646503,0.0020834280953842023,true,8,8,0,
8123012/gaussian_0.10/fixed,falsify-v0.1-prereg-4,gaussian_0.10,8123012,fixed_design,fixed,dca297c0-8d3d-46d1-923a-ebf4eca70a07,,dca297c0-8d3d-46d1-923a-ebf4eca70a07,original,completed,false,0.005147425090819328,0.0011049994842690489,true,8,8,0,
8123012/gaussian_0.10/scientist-1,falsify-v0.1-prereg-4,gaussian_0.10,8123012,scientist,scientist-1,249ea1c0-51b9-4c24-b994-b485b1e45329,e2e554dc-4940-4831-9e9c-bda1433e8fd7,e2e554dc-4940-4831-9e9c-bda1433e8fd7,retry1,completed,false,0.002230866941722974,0.0002509515692819406,true,8,8,0,
8123013/gaussian_0.10/random,falsify-v0.1-prereg-4,gaussian_0.10,8123013,random,random,4f9a3136-3fde-406c-b926-7bb303ae80a3,,4f9a3136-3fde-406c-b926-7bb303ae80a3,original,completed,false,0.0005029142491165448,0.00018563099687081498,true,8,8,0,
8123013/gaussian_0.10/fixed,falsify-v0.1-prereg-4,gaussian_0.10,8123013,fixed_design,fixed,6cff4581-9415-4f82-841f-804f641eb10c,,6cff4581-9415-4f82-841f-804f641eb10c,original,completed,false,0.0011015489973624478,0.0005242106423598638,true,8,8,0,
8123013/gaussian_0.10/scientist-1,falsify-v0.1-prereg-4,gaussian_0.10,8123013,scientist,scientist-1,8d023efc-a058-46f3-9eff-c15d65d7f68e,6190ba2e-e9d2-462b-9051-e2765ea6c5a1,6190ba2e-e9d2-462b-9051-e2765ea6c5a1,retry1,terminal_infrastructure,true,,,,,,,malformed_api_response
8123014/gaussian_0.10/random,falsify-v0.1-prereg-4,gaussian_0.10,8123014,random,random,4caaf51c-5f25-46fe-a6f9-3ecb6985e225,,4caaf51c-5f25-46fe-a6f9-3ecb6985e225,original,completed,false,0.0016789926839538714,0.0004308467762362241,true,8,8,0,
8123014/gaussian_0.10/fixed,falsify-v0.1-prereg-4,gaussian_0.10,8123014,fixed_design,fixed,1cbd76f5-cc60-42f3-9717-2bb7918dbdd5,,1cbd76f5-cc60-42f3-9717-2bb7918dbdd5,original,completed,false,0.004102510677346077,0.0008149334718599871,true,8,8,0,
8123014/gaussian_0.10/scientist-1,falsify-v0.1-prereg-4,gaussian_0.10,8123014,scientist,scientist-1,0438c9a3-93e8-4693-9f2a-cdd752a9120e,,0438c9a3-93e8-4693-9f2a-cdd752a9120e,original,completed,false,0.011206134366791727,0.0015605896162332305,true,8,8,0,
8123015/gaussian_0.10/random,falsify-v0.1-prereg-4,gaussian_0.10,8123015,random,random,b8c977df-c989-44fe-82df-ab58dabeecc3,,b8c977df-c989-44fe-82df-ab58dabeecc3,original,completed,false,0.0020193015639283413,0.0006345978964204369,true,8,8,0,
8123015/gaussian_0.10/fixed,falsify-v0.1-prereg-4,gaussian_0.10,8123015,fixed_design,fixed,257e3f8f-ef9e-4103-aaff-e8f90704a56e,,257e3f8f-ef9e-4103-aaff-e8f90704a56e,original,completed,false,0.002300996075279675,0.0012093028117849483,true,8,8,0,
8123015/gaussian_0.10/scientist-1,falsify-v0.1-prereg-4,gaussian_0.10,8123015,scientist,scientist-1,7473b0dd-b76e-43ae-b769-e343864b87df,,7473b0dd-b76e-43ae-b769-e343864b87df,original,completed,false,0.0023021053419985736,0.0005474873964809546,true,8,8,0,
8123016/gaussian_0.10/random,falsify-v0.1-prereg-4,gaussian_0.10,8123016,random,random,ed6f94c3-0653-4af7-927b-073ff276f33f,,ed6f94c3-0653-4af7-927b-073ff276f33f,original,completed,false,0.0013738760458086566,0.00078423457439587,true,8,8,0,
8123016/gaussian_0.10/fixed,falsify-v0.1-prereg-4,gaussian_0.10,8123016,fixed_design,fixed,dc10e8d8-5d73-4ec1-9bbf-c27191ad9671,,dc10e8d8-5d73-4ec1-9bbf-c27191ad9671,original,completed,false,0.0002625537876127279,0.00022094188180243624,true,8,8,0,
8123016/gaussian_0.10/scientist-1,falsify-v0.1-prereg-4,gaussian_0.10,8123016,scientist,scientist-1,fc042d7f-88bf-44ec-a494-4b1421c5a00b,,fc042d7f-88bf-44ec-a494-4b1421c5a00b,original,completed,false,0.0003671615012045355,0.0003991182623500311,true,8,8,0,
8123017/gaussian_0.10/random,falsify-v0.1-prereg-4,gaussian_0.10,8123017,random,random,adb1750c-ae3f-498b-b1ec-a46984cf53d5,,adb1750c-ae3f-498b-b1ec-a46984cf53d5,original,completed,false,0.002388778478644735,0.0007101416986729012,true,8,8,0,
8123017/gaussian_0.10/fixed,falsify-v0.1-prereg-4,gaussian_0.10,8123017,fixed_design,fixed,0e24f5e1-f1e4-44a4-8dca-77a44259bcc1,,0e24f5e1-f1e4-44a4-8dca-77a44259bcc1,original,completed,false,0.0026069917381259093,0.001042234791680973,true,8,8,0,
8123017/gaussian_0.10/scientist-1,falsify-v0.1-prereg-4,gaussian_0.10,8123017,scientist,scientist-1,eb22a1bb-a9a9-43b9-9960-43915dcf1fd6,,eb22a1bb-a9a9-43b9-9960-43915dcf1fd6,original,completed,false,0.0019760403586524433,0.0005529846323691867,true,8,8,0,
8123018/gaussian_0.10/random,falsify-v0.1-prereg-4,gaussian_0.10,8123018,random,random,658a8277-c2df-4a54-84b3-8961bd97007f,,658a8277-c2df-4a54-84b3-8961bd97007f,original,completed,false,0.008538804215715267,0.0006091916666433563,true,8,8,0,
8123018/gaussian_0.10/fixed,falsify-v0.1-prereg-4,gaussian_0.10,8123018,fixed_design,fixed,ac0828f3-0b0a-446c-8270-81a305bdd83d,,ac0828f3-0b0a-446c-8270-81a305bdd83d,original,completed,false,0.002196651011694501,0.00034415635584946673,true,8,8,0,
8123018/gaussian_0.10/scientist-1,falsify-v0.1-prereg-4,gaussian_0.10,8123018,scientist,scientist-1,310a0c19-227d-40d5-b6ff-d2df1b4c8047,8642ab33-d96d-44ce-b106-1d923a292d3d,8642ab33-d96d-44ce-b106-1d923a292d3d,retry1,completed,false,0.008862463693466787,0.0010176423941868013,true,8,8,0,
8123019/gaussian_0.10/random,falsify-v0.1-prereg-4,gaussian_0.10,8123019,random,random,54fec8d1-5ced-45f7-8aac-d3f463fc087b,,54fec8d1-5ced-45f7-8aac-d3f463fc087b,original,completed,false,0.0018985358949499666,0.0002184155229221915,true,8,8,0,
8123019/gaussian_0.10/fixed,falsify-v0.1-prereg-4,gaussian_0.10,8123019,fixed_design,fixed,26922482-bcce-403f-8b8a-7f9599735626,,26922482-bcce-403f-8b8a-7f9599735626,original,completed,false,0.007607983525337636,0.0008606943619307267,true,8,8,0,
8123019/gaussian_0.10/scientist-1,falsify-v0.1-prereg-4,gaussian_0.10,8123019,scientist,scientist-1,a8683653-793b-42fb-9d1a-918a2afd4b8e,,a8683653-793b-42fb-9d1a-918a2afd4b8e,original,completed,false,0.0018588486958379786,0.0005627247667513442,true,8,8,0,
8123020/gaussian_0.10/random,falsify-v0.1-prereg-4,gaussian_0.10,8123020,random,random,19222f7a-1b35-4337-84ad-cb6df998551b,,19222f7a-1b35-4337-84ad-cb6df998551b,original,completed,false,0.002328100942811104,0.00019776232311349124,true,8,8,0,
8123020/gaussian_0.10/fixed,falsify-v0.1-prereg-4,gaussian_0.10,8123020,fixed_design,fixed,adba459e-e759-43b2-b530-92168040c66f,,adba459e-e759-43b2-b530-92168040c66f,original,completed,false,0.0021429639962178867,0.00022501487977393268,true,8,8,0,
8123020/gaussian_0.10/scientist-1,falsify-v0.1-prereg-4,gaussian_0.10,8123020,scientist,scientist-1,12ba5917-e133-4304-b431-07f002657426,,12ba5917-e133-4304-b431-07f002657426,original,completed,false,0.009022903966041215,0.0012802241595626868,true,8,8,0,
8123021/gaussian_0.10/random,falsify-v0.1-prereg-4,gaussian_0.10,8123021,random,random,cdb0ee4d-5bf2-4b85-9290-b1489768f1dd,,cdb0ee4d-5bf2-4b85-9290-b1489768f1dd,original,completed,false,0.0018190111427852053,0.0008089734498277115,true,8,8,0,
8123021/gaussian_0.10/fixed,falsify-v0.1-prereg-4,gaussian_0.10,8123021,fixed_design,fixed,160f2012-09db-4cf8-9cf0-82a8731d3f7c,,160f2012-09db-4cf8-9cf0-82a8731d3f7c,original,completed,false,0.001052158099975372,0.0004143916331436323,true,8,8,0,
8123021/gaussian_0.10/scientist-1,falsify-v0.1-prereg-4,gaussian_0.10,8123021,scientist,scientist-1,6f4dc815-5776-45b3-ad44-db1766e39def,,6f4dc815-5776-45b3-ad44-db1766e39def,original,completed,false,0.0012754058000637024,0.00032067731422904134,true,8,8,0,
8123022/gaussian_0.10/random,falsify-v0.1-prereg-4,gaussian_0.10,8123022,random,random,76fbfbd8-e8ca-4283-b5d6-7dff8f49f6b5,,76fbfbd8-e8ca-4283-b5d6-7dff8f49f6b5,original,completed,false,0.0026723408358899753,0.0005490532163955626,true,8,8,0,
8123022/gaussian_0.10/fixed,falsify-v0.1-prereg-4,gaussian_0.10,8123022,fixed_design,fixed,1a81dd04-336c-4ef2-9bfa-8413864ef7d3,,1a81dd04-336c-4ef2-9bfa-8413864ef7d3,original,completed,false,0.0028654880613026863,0.0005462638800102865,true,8,8,0,
8123022/gaussian_0.10/scientist-1,falsify-v0.1-prereg-4,gaussian_0.10,8123022,scientist,scientist-1,c9924ecb-a9ca-4413-bc25-f1ce5682a0b8,,c9924ecb-a9ca-4413-bc25-f1ce5682a0b8,original,completed,false,0.0054872668034470174,0.0011299479630602351,true,8,8,0,
8123023/gaussian_0.10/random,falsify-v0.1-prereg-4,gaussian_0.10,8123023,random,random,08742f60-f07c-4427-abc2-0f582c46f037,,08742f60-f07c-4427-abc2-0f582c46f037,original,completed,false,0.0019366768376555535,0.0009196176048727717,true,8,8,0,
8123023/gaussian_0.10/fixed,falsify-v0.1-prereg-4,gaussian_0.10,8123023,fixed_design,fixed,a309e83e-69a2-4c48-a153-45455484ad86,,a309e83e-69a2-4c48-a153-45455484ad86,original,completed,false,0.0020765810814074998,0.0007406362178325248,true,8,8,0,
8123023/gaussian_0.10/scientist-1,falsify-v0.1-prereg-4,gaussian_0.10,8123023,scientist,scientist-1,798716e6-408f-4e7b-95bb-11c69620205d,b37a4f60-768d-4a91-99b3-2a080a2f1b39,b37a4f60-768d-4a91-99b3-2a080a2f1b39,retry1,terminal_infrastructure,true,,,,,,,malformed_api_response
8123024/gaussian_0.10/random,falsify-v0.1-prereg-4,gaussian_0.10,8123024,random,random,913cb94c-81c9-49e4-bbf1-2f8e90893899,,913cb94c-81c9-49e4-bbf1-2f8e90893899,original,completed,false,0.00854123823842009,0.0005944656469889901,true,8,8,0,
8123024/gaussian_0.10/fixed,falsify-v0.1-prereg-4,gaussian_0.10,8123024,fixed_design,fixed,2581af4d-b332-4806-a56f-cb62c65b30f5,,2581af4d-b332-4806-a56f-cb62c65b30f5,original,completed,false,0.003641385079760967,0.0005087414349595575,true,8,8,0,
8123024/gaussian_0.10/scientist-1,falsify-v0.1-prereg-4,gaussian_0.10,8123024,scientist,scientist-1,551229d0-039e-4b7b-8003-57d0369ae8ed,afe966b4-1368-45e4-b24b-97f52571e8b4,afe966b4-1368-45e4-b24b-97f52571e8b4,retry1,completed,false,0.011647541203533887,0.0008471976973179855,true,8,8,0,
8123025/gaussian_0.10/random,falsify-v0.1-prereg-4,gaussian_0.10,8123025,random,random,0874e6f7-bcee-4dd6-9491-d6c5c22eaa61,,0874e6f7-bcee-4dd6-9491-d6c5c22eaa61,original,completed,false,0.0010435844191709685,0.0005500942993333569,true,8,8,0,
8123025/gaussian_0.10/fixed,falsify-v0.1-prereg-4,gaussian_0.10,8123025,fixed_design,fixed,87d0a7ad-a16d-426c-bca2-8bd6c9716528,,87d0a7ad-a16d-426c-bca2-8bd6c9716528,original,completed,false,0.0004255661512596209,0.00037200745102223024,true,8,8,0,
8123025/gaussian_0.10/scientist-1,falsify-v0.1-prereg-4,gaussian_0.10,8123025,scientist,scientist-1,7cafa2b2-eccf-4e3c-a89d-2826d41b27b9,,7cafa2b2-eccf-4e3c-a89d-2826d41b27b9,original,completed,false,0.0009388343153529935,0.0004757271361476221,true,8,8,0,
8123026/gaussian_0.10/random,falsify-v0.1-prereg-4,gaussian_0.10,8123026,random,random,0824568b-34af-4cc3-b807-52606e9e5346,,0824568b-34af-4cc3-b807-52606e9e5346,original,completed,false,0.004512937119950956,0.0018484435690610142,true,8,8,0,
8123026/gaussian_0.10/fixed,falsify-v0.1-prereg-4,gaussian_0.10,8123026,fixed_design,fixed,072e8d64-becb-4f50-a946-1ff0d3381211,,072e8d64-becb-4f50-a946-1ff0d3381211,original,completed,false,0.0012716398070675076,0.0006227958317482669,true,8,8,0,
8123026/gaussian_0.10/scientist-1,falsify-v0.1-prereg-4,gaussian_0.10,8123026,scientist,scientist-1,3201add2-0a9c-4bf5-abcb-fcdbc165616c,,3201add2-0a9c-4bf5-abcb-fcdbc165616c,original,completed,false,0.005138478786743581,0.0015637581205757906,true,8,8,0,
8123027/gaussian_0.10/random,falsify-v0.1-prereg-4,gaussian_0.10,8123027,random,random,f717859e-8e25-404b-8099-1b988db062b3,,f717859e-8e25-404b-8099-1b988db062b3,original,completed,false,0.0006442896382923589,0.0003904321928417618,true,8,8,0,
8123027/gaussian_0.10/fixed,falsify-v0.1-prereg-4,gaussian_0.10,8123027,fixed_design,fixed,cbd9f40b-8e2b-488c-9b05-e307a652f61f,,cbd9f40b-8e2b-488c-9b05-e307a652f61f,original,completed,false,0.0007901607003749656,0.00042846120276763535,true,8,8,0,
8123027/gaussian_0.10/scientist-1,falsify-v0.1-prereg-4,gaussian_0.10,8123027,scientist,scientist-1,9cc45f4e-db8e-4d46-bca2-aaeff5510cc9,,9cc45f4e-db8e-4d46-bca2-aaeff5510cc9,original,completed,false,0.001901467692253165,0.0005362252035681394,true,8,8,0,
8123028/gaussian_0.10/random,falsify-v0.1-prereg-4,gaussian_0.10,8123028,random,random,c24900f0-4556-43a5-90c7-af7681a97a31,,c24900f0-4556-43a5-90c7-af7681a97a31,original,completed,false,0.004039314108401507,0.0006031441198037477,true,8,8,0,
8123028/gaussian_0.10/fixed,falsify-v0.1-prereg-4,gaussian_0.10,8123028,fixed_design,fixed,ea380600-0c51-4ada-b80a-4787f2ef65ff,,ea380600-0c51-4ada-b80a-4787f2ef65ff,original,completed,false,0.003652335441253649,0.00032620639937978494,true,8,8,0,
8123028/gaussian_0.10/scientist-1,falsify-v0.1-prereg-4,gaussian_0.10,8123028,scientist,scientist-1,b47d9310-5147-475c-ab88-c7cff344983a,ff7de49a-e82b-4729-ad54-e2cb41ea69d9,ff7de49a-e82b-4729-ad54-e2cb41ea69d9,retry1,terminal_infrastructure,true,,,,,,,malformed_api_response
8123029/gaussian_0.10/random,falsify-v0.1-prereg-4,gaussian_0.10,8123029,random,random,45c088c0-5541-4977-a930-d52fa8e60a6d,,45c088c0-5541-4977-a930-d52fa8e60a6d,original,completed,false,0.015288239669214637,0.0015183825284911787,true,8,8,0,
8123029/gaussian_0.10/fixed,falsify-v0.1-prereg-4,gaussian_0.10,8123029,fixed_design,fixed,45f81869-fbd5-48ff-90e5-b7e1b8ce63e2,,45f81869-fbd5-48ff-90e5-b7e1b8ce63e2,original,completed,false,0.012111272754258941,0.0018038025653469606,true,8,8,0,
8123029/gaussian_0.10/scientist-1,falsify-v0.1-prereg-4,gaussian_0.10,8123029,scientist,scientist-1,df6894dd-a1a7-4987-89e9-38ff22678579,,df6894dd-a1a7-4987-89e9-38ff22678579,original,completed,false,0.024216299589174057,0.0022190125860486036,true,8,8,0,
8123030/gaussian_0.10/random,falsify-v0.1-prereg-4,gaussian_0.10,8123030,random,random,efdeda19-ddd6-4b9e-9fb7-8c04aa72d23c,,efdeda19-ddd6-4b9e-9fb7-8c04aa72d23c,original,completed,false,0.0007060276374050538,0.0006841949014980802,true,8,8,0,
8123030/gaussian_0.10/fixed,falsify-v0.1-prereg-4,gaussian_0.10,8123030,fixed_design,fixed,2f35a640-dcbd-470e-9fe6-bbca6cddec39,,2f35a640-dcbd-470e-9fe6-bbca6cddec39,original,completed,false,0.002717308777522372,0.0015383187602707432,true,8,8,0,
8123030/gaussian_0.10/scientist-1,falsify-v0.1-prereg-4,gaussian_0.10,8123030,scientist,scientist-1,dfa66393-87b4-43a2-bda4-5e4cc4fe64ca,,dfa66393-87b4-43a2-bda4-5e4cc4fe64ca,original,completed,false,0.002038590655112428,0.0015674801547590827,true,8,8,0,
8123001/clean/random,falsify-v0.1-prereg-4,clean,8123001,random,random,18b208ad-c5d8-4dd1-a02c-61eaaae0cad8,,18b208ad-c5d8-4dd1-a02c-61eaaae0cad8,original,completed,false,1.3455550885572348e-9,5.79800946239148e-10,true,8,8,0,
8123001/clean/fixed,falsify-v0.1-prereg-4,clean,8123001,fixed_design,fixed,5f6e830e-55b3-432e-90ff-b8c4555cf4b7,,5f6e830e-55b3-432e-90ff-b8c4555cf4b7,original,completed,false,1.3455550885572348e-9,5.79800946239148e-10,true,8,8,0,
8123001/clean/scientist-1,falsify-v0.1-prereg-4,clean,8123001,scientist,scientist-1,4c508e03-c2ed-4759-be8a-1320c301b7b2,,4c508e03-c2ed-4759-be8a-1320c301b7b2,original,behavioral_failure,false,1,1,false,1,2,0,malformed_response
8123002/clean/random,falsify-v0.1-prereg-4,clean,8123002,random,random,06878884-70d6-445f-b145-1003b2dd6e95,,06878884-70d6-445f-b145-1003b2dd6e95,original,completed,false,3.484140452393777e-9,1.0493609798875948e-9,true,8,8,0,
8123002/clean/fixed,falsify-v0.1-prereg-4,clean,8123002,fixed_design,fixed,6d908dd8-f4e0-456b-9b47-41a56812234e,,6d908dd8-f4e0-456b-9b47-41a56812234e,original,completed,false,3.4841403812450925e-9,1.049360085626435e-9,true,8,8,0,
8123002/clean/scientist-1,falsify-v0.1-prereg-4,clean,8123002,scientist,scientist-1,e1fbe02f-e38e-4b74-88a2-2d2865f08899,b899b1ff-d098-47ae-abe6-210d2bb2a71b,b899b1ff-d098-47ae-abe6-210d2bb2a71b,retry1,behavioral_failure,false,1,1,false,3,4,0,malformed_response
8123003/clean/random,falsify-v0.1-prereg-4,clean,8123003,random,random,479e6c52-1865-4c9f-ae62-25ff705d5bd5,,479e6c52-1865-4c9f-ae62-25ff705d5bd5,original,completed,false,8.888605363342863e-10,9.172652075458159e-11,true,8,8,0,
8123003/clean/fixed,falsify-v0.1-prereg-4,clean,8123003,fixed_design,fixed,0a7e0b53-89b0-4a30-a155-fd324083dbe8,,0a7e0b53-89b0-4a30-a155-fd324083dbe8,original,completed,false,8.888605363342863e-10,9.172652075458159e-11,true,8,8,0,
8123003/clean/scientist-1,falsify-v0.1-prereg-4,clean,8123003,scientist,scientist-1,25b1ec68-bba6-4cfe-b418-243ed555d5c8,7f91e9f2-7ce6-471f-8396-c81fa2161e81,7f91e9f2-7ce6-471f-8396-c81fa2161e81,retry1,terminal_infrastructure,true,,,,,,,malformed_api_response
8123004/clean/random,falsify-v0.1-prereg-4,clean,8123004,random,random,a2247908-4e09-48e9-87df-cabd92529e1e,,a2247908-4e09-48e9-87df-cabd92529e1e,original,completed,false,1.7332953998298874e-9,3.2475594636026905e-10,true,8,8,0,
8123004/clean/fixed,falsify-v0.1-prereg-4,clean,8123004,fixed_design,fixed,1e415aa3-210b-4718-9d53-52a6e07cf637,,1e415aa3-210b-4718-9d53-52a6e07cf637,original,completed,false,1.7332953998298874e-9,3.2475594636026905e-10,true,8,8,0,
8123004/clean/scientist-1,falsify-v0.1-prereg-4,clean,8123004,scientist,scientist-1,f7600225-07fd-42cd-af47-bc7b891ba26d,64e9f169-2c66-45d1-a991-9747e137037a,64e9f169-2c66-45d1-a991-9747e137037a,retry1,terminal_infrastructure,true,,,,,,,malformed_api_response
8123005/clean/random,falsify-v0.1-prereg-4,clean,8123005,random,random,999ee9bd-68d2-458d-b3ff-8153ce98cb80,,999ee9bd-68d2-458d-b3ff-8153ce98cb80,original,completed,false,1.593455371914876e-9,9.302043014187669e-10,true,8,8,0,
8123005/clean/fixed,falsify-v0.1-prereg-4,clean,8123005,fixed_design,fixed,36ab47e5-7fd1-4562-9d41-a330c8f31ee9,,36ab47e5-7fd1-4562-9d41-a330c8f31ee9,original,completed,false,1.593455371914876e-9,9.302043014187669e-10,true,8,8,0,
8123005/clean/scientist-1,falsify-v0.1-prereg-4,clean,8123005,scientist,scientist-1,1fabfd76-a489-40a8-b4c4-09ebef0cc5df,0d57d37f-abe1-4e0a-8090-4aa3aafe28d5,0d57d37f-abe1-4e0a-8090-4aa3aafe28d5,retry1,terminal_infrastructure,true,,,,,,,malformed_api_response
8123006/clean/random,falsify-v0.1-prereg-4,clean,8123006,random,random,13676dc1-e2fc-4beb-bc30-f6b1064c03cd,,13676dc1-e2fc-4beb-bc30-f6b1064c03cd,original,completed,false,2.058467174066128e-9,3.275064735492794e-10,true,8,8,0,
8123006/clean/fixed,falsify-v0.1-prereg-4,clean,8123006,fixed_design,fixed,a59ae242-b764-445e-99b9-2c70bafe5d6d,,a59ae242-b764-445e-99b9-2c70bafe5d6d,original,completed,false,2.058467174066128e-9,3.275064735492794e-10,true,8,8,0,
8123006/clean/scientist-1,falsify-v0.1-prereg-4,clean,8123006,scientist,scientist-1,51ebc2a5-f4a0-49a0-8766-791a92e1c950,9527d268-a724-441b-bb5c-73063c077db3,9527d268-a724-441b-bb5c-73063c077db3,retry1,terminal_infrastructure,true,,,,,,,malformed_api_response
8123007/clean/random,falsify-v0.1-prereg-4,clean,8123007,random,random,6cea1b6a-1cb7-4a21-b2ee-62271f763338,,6cea1b6a-1cb7-4a21-b2ee-62271f763338,original,completed,false,2.136819001066943e-9,5.177547201429742e-10,true,8,8,0,
8123007/clean/fixed,falsify-v0.1-prereg-4,clean,8123007,fixed_design,fixed,3cdedb95-3dd0-4912-b81b-282baa725337,,3cdedb95-3dd0-4912-b81b-282baa725337,original,completed,false,2.136819001066943e-9,5.177547201429742e-10,true,8,8,0,
8123007/clean/scientist-1,falsify-v0.1-prereg-4,clean,8123007,scientist,scientist-1,1f594dc8-08df-4c9e-97d5-905f9dbdce5a,8c14c368-b7b6-48ab-b752-1ce0509400e8,8c14c368-b7b6-48ab-b752-1ce0509400e8,retry1,terminal_infrastructure,true,,,,,,,malformed_api_response
8123008/clean/random,falsify-v0.1-prereg-4,clean,8123008,random,random,6ebe57ce-c01e-423c-8051-9755a13b5b12,,6ebe57ce-c01e-423c-8051-9755a13b5b12,original,completed,false,1.5323857780149571e-9,6.144136191033534e-10,true,8,8,0,
8123008/clean/fixed,falsify-v0.1-prereg-4,clean,8123008,fixed_design,fixed,f6d76308-8295-48e3-8295-1f9660ab360a,,f6d76308-8295-48e3-8295-1f9660ab360a,original,completed,false,1.5323857780149571e-9,6.144136191033534e-10,true,8,8,0,
8123008/clean/scientist-1,falsify-v0.1-prereg-4,clean,8123008,scientist,scientist-1,87ffa9ee-5c3d-4797-b825-82b3ecfd1ea5,,87ffa9ee-5c3d-4797-b825-82b3ecfd1ea5,original,behavioral_failure,false,1,1,false,2,3,0,malformed_response
8123009/clean/random,falsify-v0.1-prereg-4,clean,8123009,random,random,76821065-a869-4cae-b008-5f84b93cad44,,76821065-a869-4cae-b008-5f84b93cad44,original,completed,false,3.722018886584698e-10,7.759860124065661e-11,true,8,8,0,
8123009/clean/fixed,falsify-v0.1-prereg-4,clean,8123009,fixed_design,fixed,481e88f6-ccca-46a7-bd8e-c9cfbc4c928f,,481e88f6-ccca-46a7-bd8e-c9cfbc4c928f,original,completed,false,3.722018886584698e-10,7.759860124065661e-11,true,8,8,0,
8123009/clean/scientist-1,falsify-v0.1-prereg-4,clean,8123009,scientist,scientist-1,9a20d04a-5adc-4264-b35e-cde60ff67fa0,ef66cc1a-a5e5-429d-bdb2-d47215e3d10a,ef66cc1a-a5e5-429d-bdb2-d47215e3d10a,retry1,terminal_infrastructure,true,,,,,,,malformed_api_response
8123010/clean/random,falsify-v0.1-prereg-4,clean,8123010,random,random,18317950-8ae7-4691-b782-347470af32b3,,18317950-8ae7-4691-b782-347470af32b3,original,completed,false,1.0744040519559444e-9,8.16412065851884e-11,true,8,8,0,
8123010/clean/fixed,falsify-v0.1-prereg-4,clean,8123010,fixed_design,fixed,835d5d25-eb4e-4e45-abfd-078ed962c15d,,835d5d25-eb4e-4e45-abfd-078ed962c15d,original,completed,false,1.0744039439354794e-9,8.16412073786722e-11,true,8,8,0,
8123010/clean/scientist-1,falsify-v0.1-prereg-4,clean,8123010,scientist,scientist-1,d68096ca-0a12-4e73-ade6-5416dcdbcbbe,331d8556-6378-4f81-a6dd-5b99bfa4caf1,331d8556-6378-4f81-a6dd-5b99bfa4caf1,retry1,terminal_infrastructure,true,,,,,,,malformed_api_response
