world_seed,baseline,scientist_run_id,parameter_difference,prediction_difference
8123001,random,f9b28358-0abc-46a0-8b20-063577a6c372,0.0006140223247032071,0.00010884982752064744
8123001,fixed_design,f9b28358-0abc-46a0-8b20-063577a6c372,-0.0003607728756857445,-3.7734665844605785e-5
8123002,random,8694b0b1-0dfa-45e8-9b10-141dc330ebe3,0.993500748762585,0.9992671649074231
8123002,fixed_design,8694b0b1-0dfa-45e8-9b10-141dc330ebe3,0.9974015766555231,0.9992063203070921
8123004,random,272976e9-fa31-403d-a49a-3c83c9f8a05b,-0.009613966349143037,-0.002196869292547688
8123004,fixed_design,272976e9-fa31-403d-a49a-3c83c9f8a05b,-0.008643433650841663,-0.0012942414139994088
8123005,random,5654c913-3912-4aed-8b13-eb6e8eca1a9a,-0.0007986155732586343,-0.00013167322417490673
8123005,fixed_design,5654c913-3912-4aed-8b13-eb6e8eca1a9a,-0.0012964782032226418,-0.0004399833035995159
8123006,random,9e58b670-acca-42d8-918d-9700a6e65778,0.006824908305660687,-2.152625933390267e-5
8123006,fixed_design,9e58b670-acca-42d8-918d-9700a6e65778,0.013200605948132525,0.001201520475120245
8123007,random,9a3b4bc4-ef23-4c2f-a58e-2450de8ca31b,-0.003937949816289544,-0.0007049085308937084
8123007,fixed_design,9a3b4bc4-ef23-4c2f-a58e-2450de8ca31b,-0.00036423506218183463,1.399830720387094e-5
8123008,random,b84e3f50-2852-4f2f-af54-87658632e32b,3.0667128292475882e-6,1.1447437844349468e-5
8123008,fixed_design,b84e3f50-2852-4f2f-af54-87658632e32b,-0.0023804627876361853,-0.0003136861941914598
8123009,random,5973cbe1-e5b3-48a9-927b-e78b8988aa8d,-0.004226912867499093,-0.000402057625301771
8123009,fixed_design,5973cbe1-e5b3-48a9-927b-e78b8988aa8d,-0.0002517045750583622,-0.0001074597809139705
8123010,random,858072ea-db0d-4afe-89ca-95990ada22b4,0.00038362335815691,0.00011876087157348063
8123010,fixed_design,858072ea-db0d-4afe-89ca-95990ada22b4,-0.016526717900671617,-0.0010433257448610044
8123011,random,fe0f8e8a-71fe-4ec5-ba0e-d4910973150b,0.0076884467523730725,0.0008213394195625911
8123011,fixed_design,fe0f8e8a-71fe-4ec5-ba0e-d4910973150b,0.007217922599596849,0.0006763482618869205
8123012,random,e2e554dc-4940-4831-9e9c-bda1433e8fd7,-0.016429840087923527,-0.0018324765261022616
8123012,fixed_design,e2e554dc-4940-4831-9e9c-bda1433e8fd7,-0.0029165581490963543,-0.0008540479149871082
8123014,random,0438c9a3-93e8-4693-9f2a-cdd752a9120e,0.009527141682837855,0.0011297428399970064
8123014,fixed_design,0438c9a3-93e8-4693-9f2a-cdd752a9120e,0.00710362368944565,0.0007456561443732434
8123015,random,7473b0dd-b76e-43ae-b769-e343864b87df,0.00028280377807023225,-8.711049993948233e-5
8123015,fixed_design,7473b0dd-b76e-43ae-b769-e343864b87df,1.109266718898709e-6,-0.0006618154153039937
8123016,random,fc042d7f-88bf-44ec-a494-4b1421c5a00b,-0.001006714544604121,-0.00038511631204583895
8123016,fixed_design,fc042d7f-88bf-44ec-a494-4b1421c5a00b,0.0001046077135918076,0.00017817638054759484
8123017,random,eb22a1bb-a9a9-43b9-9960-43915dcf1fd6,-0.0004127381199922919,-0.00015715706630371447
8123017,fixed_design,eb22a1bb-a9a9-43b9-9960-43915dcf1fd6,-0.0006309513794734659,-0.0004892501593117862
8123018,random,8642ab33-d96d-44ce-b106-1d923a292d3d,0.00032365947775151935,0.00040845072754344496
8123018,fixed_design,8642ab33-d96d-44ce-b106-1d923a292d3d,0.006665812681772286,0.0006734860383373346
8123019,random,a8683653-793b-42fb-9d1a-918a2afd4b8e,-3.968719911198802e-5,0.00034430924382915267
8123019,fixed_design,a8683653-793b-42fb-9d1a-918a2afd4b8e,-0.005749134829499658,-0.0002979695951793825
8123020,random,12ba5917-e133-4304-b431-07f002657426,0.006694803023230111,0.0010824618364491956
8123020,fixed_design,12ba5917-e133-4304-b431-07f002657426,0.006879939969823327,0.0010552092797887541
8123021,random,6f4dc815-5776-45b3-ad44-db1766e39def,-0.0005436053427215028,-0.0004882961355986701
8123021,fixed_design,6f4dc815-5776-45b3-ad44-db1766e39def,0.0002232477000883304,-9.371431891459097e-5
8123022,random,c9924ecb-a9ca-4413-bc25-f1ce5682a0b8,0.002814925967557042,0.0005808947466646726
8123022,fixed_design,c9924ecb-a9ca-4413-bc25-f1ce5682a0b8,0.002621778742144331,0.0005836840830499486
8123024,random,afe966b4-1368-45e4-b24b-97f52571e8b4,0.003106302965113796,0.0002527320503289954
8123024,fixed_design,afe966b4-1368-45e4-b24b-97f52571e8b4,0.00800615612377292,0.00033845626235842806
8123025,random,7cafa2b2-eccf-4e3c-a89d-2826d41b27b9,-0.00010475010381797497,-7.436716318573482e-5
8123025,fixed_design,7cafa2b2-eccf-4e3c-a89d-2826d41b27b9,0.0005132681640933727,0.00010371968512539186
8123026,random,3201add2-0a9c-4bf5-abcb-fcdbc165616c,0.0006255416667926249,-0.0002846854484852236
8123026,fixed_design,3201add2-0a9c-4bf5-abcb-fcdbc165616c,0.0038668389796760734,0.0009409622888275237
8123027,random,9cc45f4e-db8e-4d46-bca2-aaeff5510cc9,0.0012571780539608062,0.00014579301072637765
8123027,fixed_design,9cc45f4e-db8e-4d46-bca2-aaeff5510cc9,0.0011113069918781992,0.00010776400080050408
8123029,random,df6894dd-a1a7-4987-89e9-38ff22678579,0.00892805991995942,0.0007006300575574248
8123029,fixed_design,df6894dd-a1a7-4987-89e9-38ff22678579,0.012105026834915116,0.00041521002070164293
8123030,random,dfa66393-87b4-43a2-bda4-5e4cc4fe64ca,0.0013325630177073743,0.0008832852532610025
8123030,fixed_design,dfa66393-87b4-43a2-bda4-5e4cc4fe64ca,-0.0006787181224099438,2.916139448833955e-5
