condition_id,policy,endpoint,n,mean,median,q25,q75,min,max
gaussian_0.10,random,parameter_error,30,0.0046921939848212045,0.0023584397107279196,0.0015267815747835151,0.007784666416056211,0.0003886251593334466,0.018660707029646503
gaussian_0.10,random,prediction_error,30,0.0008142754035800933,0.0006218947815318966,0.00044373067535891905,0.0010001877348014775,0.00018563099687081498,0.0023727157909991664
gaussian_0.10,fixed_design,parameter_error,30,0.004038317770121892,0.0026330852253123845,0.0019714085307562974,0.004017348718337278,0.0002625537876127279,0.021264647284139307
gaussian_0.10,fixed_design,prediction_error,30,0.0007484283666069489,0.00063388290225952,0.0004485312608156159,0.0008512001763252332,0.00022094188180243624,0.0018038025653469606
gaussian_0.10,scientist,parameter_error,26,0.04348138499203168,0.002266486141860774,0.001643799137727541,0.008803249708984372,0.0003167936819810681,1.0
gaussian_0.10,scientist,prediction_error,26,0.039260863195671014,0.0006082382918098654,0.00042762569427266155,0.0012574103069582798,0.00017584649845147824,1.0
clean,random,parameter_error,10,1.6219584742792506e-9,1.5629205749649166e-9,1.142191811106267e-9,1.977174230507068e-9,3.722018886584698e-10,3.484140452393777e-9
clean,random,prediction_error,10,4.5947633152818127e-10,4.226305968461268e-10,1.4998387715600346e-10,6.057604508873021e-10,7.759860124065661e-11,1.0493609798875948e-9
clean,fixed_design,parameter_error,10,1.6219584563623355e-9,1.5629205749649166e-9,1.1421917300909181e-9,1.977174230507068e-9,3.722018886584698e-10,3.4841403812450925e-9
clean,fixed_design,prediction_error,10,4.5947624218141367e-10,4.226305968461268e-10,1.4998387715600346e-10,6.057604508873021e-10,7.759860124065661e-11,1.049360085626435e-9
clean,scientist,parameter_error,3,1.0,1.0,1.0,1.0,1.0,1.0
clean,scientist,prediction_error,3,1.0,1.0,1.0,1.0,1.0,1.0
