world_seed,retained,exclusion_reason,excluded_policies
8123001,true,,
8123002,true,,
8123003,false,terminal_infrastructure_after_retry,scientist
8123004,true,,
8123005,true,,
8123006,true,,
8123007,true,,
8123008,true,,
8123009,true,,
8123010,true,,
8123011,true,,
8123012,true,,
8123013,false,terminal_infrastructure_after_retry,scientist
8123014,true,,
8123015,true,,
8123016,true,,
8123017,true,,
8123018,true,,
8123019,true,,
8123020,true,,
8123021,true,,
8123022,true,,
8123023,false,terminal_infrastructure_after_retry,scientist
8123024,true,,
8123025,true,,
8123026,true,,
8123027,true,,
8123028,false,terminal_infrastructure_after_retry,scientist
8123029,true,,
8123030,true,,
